"app_id","title","date_release","win","mac","linux","rating","positive_ratio","user_reviews","price_final","price_original","discount","steam_deck"
258810,"Talisman - The Reaper Expansion",2014-01-10,TRUE,TRUE,FALSE,"Positive",84,26,4.99,4.99,0,TRUE
1064272,"Halo 3: ODST",2019-12-03,TRUE,FALSE,FALSE,"Very Positive",86,1139,4.99,4.99,0,TRUE
1832720,"超级捕鱼",2022-02-24,TRUE,FALSE,FALSE,"Mixed",68,128,0,0,0,TRUE
363500,"Ossuary",2015-05-27,TRUE,FALSE,FALSE,"Positive",88,27,9.99,9.99,0,TRUE
1265120,"Freddy Spaghetti",2020-04-01,TRUE,FALSE,FALSE,"Positive",90,32,4.99,4.99,0,TRUE
1838290,"LOUD: My Road to Fame",2023-02-23,TRUE,FALSE,FALSE,"Very Positive",94,56,6.69,9.99,33,TRUE
2069760,"Partum Artifex",2023-02-26,TRUE,FALSE,FALSE,"Positive",97,36,9.99,9.99,0,TRUE
1471490,"Bob Help Them",2020-11-25,TRUE,FALSE,FALSE,"Positive",100,16,1.19,5.99,80,TRUE
491950,"Orwell: Keeping an Eye On You",2016-10-27,TRUE,TRUE,TRUE,"Very Positive",91,7658,9.99,9.99,0,TRUE
693210,"Grimtale Island",2020-11-26,TRUE,FALSE,FALSE,"Mixed",60,33,2.99,2.99,0,TRUE
207530,"Noitu Love 2: Devolution",2012-04-23,TRUE,FALSE,FALSE,"Very Positive",93,491,4.99,4.99,0,TRUE
962220,"Singularity: Tactics Arena",2019-12-17,TRUE,TRUE,FALSE,"Positive",89,19,9.99,9.99,0,TRUE
300510,"Them - The Summoning",2014-05-16,TRUE,FALSE,FALSE,"Mixed",47,17,2.99,2.99,0,TRUE
222610,"Train Simulator: DB BR 411 'ICE-T' EMU Add-On",2013-11-07,TRUE,FALSE,FALSE,"Mixed",65,41,19.99,19.99,0,TRUE
1535780,"Imp of the Sun",2022-03-24,TRUE,FALSE,FALSE,"Very Positive",81,54,19.99,19.99,0,TRUE
1086970,"Battle Bruise 2",2020-01-21,TRUE,FALSE,FALSE,"Mostly Positive",79,24,4.99,4.99,0,TRUE
1305960,"武林桃源乡 The Arcadia Of Wulin",2020-08-14,TRUE,FALSE,FALSE,"Mixed",57,21,6.99,6.99,0,TRUE
1669720,"Tribes of Midgard - Pre-Order Content",2021-08-13,TRUE,FALSE,FALSE,"Mixed",60,10,4.99,4.99,0,TRUE
1904160,"Trainz Plus",2022-05-30,TRUE,TRUE,FALSE,"Mostly Positive",70,31,7.99,7.99,0,TRUE
754790,"Field of Glory II: Legions Triumphant",2018-03-08,TRUE,FALSE,FALSE,"Positive",100,10,5.99,14.99,60,TRUE
1019020,"The Abbey - Director's cut",2019-03-06,TRUE,FALSE,FALSE,"Positive",81,11,11.99,11.99,0,TRUE
416450,"Emporea: Realms of War and Magic",2016-06-08,TRUE,TRUE,FALSE,"Mixed",66,470,0,0,0,TRUE
528055,"Tales of Berseria™ - Idolm@ster Costumes Set",2017-02-07,TRUE,FALSE,FALSE,"Very Positive",94,52,5.99,5.99,0,TRUE
614560,"Battleship Bishojo",2017-03-29,TRUE,TRUE,TRUE,"Mostly Negative",30,10,5.19,12.99,60,TRUE
1121930,"Synth Riders Beatmap Editor",2019-09-06,TRUE,FALSE,FALSE,"Positive",85,35,0,0,0,TRUE
113420,"Fallen Earth Classic",2012-02-22,TRUE,FALSE,FALSE,"Mixed",58,7414,0,0,0,TRUE
296870,"Dreaming Sarah",2015-03-12,TRUE,FALSE,TRUE,"Very Positive",92,2010,5.99,5.99,0,TRUE
1157220,"Nebuchadnezzar",2021-02-17,TRUE,FALSE,TRUE,"Very Positive",81,1045,19.99,19.99,0,TRUE
1463530,"Escape the Underground",2021-03-15,TRUE,TRUE,FALSE,"Very Positive",91,95,0,0,0,TRUE
304410,"Hexcells Infinite",2014-09-01,TRUE,TRUE,TRUE,"Overwhelmingly Positive",97,3267,4.99,4.99,0,TRUE
1719130,"The Ghost Cage",2021-10-11,TRUE,FALSE,FALSE,"Very Positive",96,154,0,0,0,TRUE
1376690,"蜀山幻剑录 Sword of Shushan",2020-09-24,TRUE,FALSE,FALSE,"Mixed",53,89,9.99,9.99,0,TRUE
1704470,"Roguebook - Fugoro Merchant of Wonders",2022-02-24,TRUE,TRUE,TRUE,"Mostly Positive",77,22,9.99,9.99,0,TRUE
525740,"Slashy Hero",2016-10-18,TRUE,TRUE,FALSE,"Positive",92,26,6.99,6.99,0,TRUE
594820,"An Oath to the Stars",2017-08-03,TRUE,TRUE,TRUE,"Mixed",63,19,0,0,0,TRUE
716660,"Warhammer 40000: Sanctus Reach - Sons of Cadia",2017-11-09,TRUE,FALSE,FALSE,"Mostly Positive",72,37,14.99,14.99,0,TRUE
639560,"Spacescape",2018-03-28,TRUE,FALSE,FALSE,"Very Positive",80,61,7.99,7.99,0,TRUE
1724020,"Space Tower Defense",2021-09-09,TRUE,FALSE,FALSE,"Mixed",56,16,3.99,3.99,0,TRUE
1826500,"Endless Match",2021-12-05,TRUE,FALSE,FALSE,"Positive",90,11,1.99,19.99,90,TRUE
1052150,"WoozyHero 乌贼英雄-欢乐联机版",2019-09-07,TRUE,TRUE,FALSE,"Positive",82,34,3.99,3.99,0,TRUE
465060,"EXZEAL",2016-07-14,TRUE,FALSE,FALSE,"Positive",80,15,11.99,11.99,0,TRUE
1087130,"Just Cause™ 4: Brawler Mech",2019-10-24,TRUE,FALSE,FALSE,"Very Positive",81,54,4.99,4.99,0,TRUE
265190,"THIEF DLC: The Forsaken - Challenge Map",2014-02-24,TRUE,TRUE,FALSE,"Mixed",55,27,4.99,4.99,0,TRUE
500170,"Urlaubsflug Simulator – Holiday Flight Simulator",2017-04-13,TRUE,FALSE,FALSE,"Mixed",57,97,12.99,12.99,0,TRUE
453810,"Blasting Agent: Ultimate Edition",2016-08-17,TRUE,FALSE,FALSE,"Mixed",41,24,2.99,2.99,0,TRUE
656240,"Heat",2020-06-25,TRUE,FALSE,FALSE,"Mixed",49,2557,19.99,19.99,0,TRUE
1004860,"The Secret Order 7: Shadow Breach",2019-02-28,TRUE,TRUE,TRUE,"Very Positive",87,106,14.99,14.99,0,TRUE
2255350,"Wild Seas",2023-02-05,TRUE,FALSE,FALSE,"Positive",100,13,2.99,2.99,0,TRUE
1061090,"Jump King",2019-05-03,TRUE,FALSE,FALSE,"Very Positive",90,9072,12.99,12.99,0,TRUE
2199360,"Cow Girl 2",2022-12-09,TRUE,FALSE,FALSE,"Mixed",55,18,0.99,0.99,0,TRUE
674890,"Mechsprofit: Mech Tycoon Simulator",2018-05-04,TRUE,FALSE,FALSE,"Mostly Positive",75,12,0,0,0,TRUE
730300,"Super Star Panda",2018-01-19,TRUE,FALSE,FALSE,"Positive",84,19,4.99,4.99,0,TRUE
1258590,"Locked Up",2020-04-23,TRUE,FALSE,FALSE,"Mostly Positive",79,819,12.99,12.99,0,TRUE
542200,"Animal Lover",2017-02-14,TRUE,TRUE,FALSE,"Very Positive",89,103,9.99,9.99,0,TRUE
277761,"Train Simulator: West Highland Line (South) Route Add-On",2015-08-06,TRUE,FALSE,FALSE,"Mostly Positive",76,21,39.99,39.99,0,TRUE
642750,"Stellaris: Synthetic Dawn Story Pack",2017-09-21,TRUE,TRUE,TRUE,"Mostly Positive",72,748,4.99,9.99,50,TRUE
1725660,"Opus Castle",2021-11-09,TRUE,FALSE,FALSE,"Mixed",57,42,0,0,0,TRUE
570420,"X Rebirth VR Edition",2017-12-07,TRUE,FALSE,FALSE,"Mixed",61,204,19.99,39.99,50,TRUE
1064660,"The Death of Erin Myers",2019-04-26,TRUE,FALSE,FALSE,"Mostly Positive",78,113,1.99,1.99,0,TRUE
750170,"Diesel Railcar Simulator",2018-03-05,TRUE,FALSE,FALSE,"Very Positive",93,242,19.99,19.99,0,TRUE
2357570,"Overwatch® 2",2023-08-10,TRUE,FALSE,FALSE,"Overwhelmingly Negative",9,181198,0,0,0,TRUE
809000,"Art of Murder - FBI Confidential",2018-07-13,TRUE,FALSE,FALSE,"Mostly Positive",70,137,1.24,4.99,75,TRUE
1272060,"Premier Manager 02/03",2020-07-31,TRUE,FALSE,FALSE,"Mostly Positive",72,11,0.74,2.99,75,TRUE
268710,"Zero Point",2014-10-28,TRUE,FALSE,FALSE,"Mixed",47,53,0,0,0,TRUE
392000,"TRON RUN/r",2016-02-16,TRUE,FALSE,FALSE,"Mostly Positive",78,306,5.99,19.99,70,TRUE
1082680,"The Walking Dead Onslaught",2020-09-29,TRUE,FALSE,FALSE,"Mixed",42,757,29.99,29.99,0,TRUE
1243750,"Sea Fishing Simulator",2020-02-20,TRUE,FALSE,FALSE,"Mixed",40,10,9.99,9.99,0,TRUE
1770480,"VTOL VR: AH-94 Attack Helicopter",2022-01-06,TRUE,FALSE,FALSE,"Overwhelmingly Positive",97,547,11.99,11.99,0,TRUE
1251530,"Speed0",2020-09-28,TRUE,FALSE,FALSE,"Mixed",66,15,9.99,9.99,0,TRUE
1582720,"Recapture the Castle",2021-06-07,TRUE,FALSE,FALSE,"Mixed",60,15,0.99,0.99,0,TRUE
365820,"Company of Heroes 2 - The British Forces",2015-09-02,TRUE,TRUE,TRUE,"Mostly Positive",74,185,12.99,12.99,0,TRUE
823810,"Aaero - Monstercat Pack",2018-08-08,TRUE,FALSE,FALSE,"Mostly Positive",76,13,4.99,4.99,0,TRUE
368000,"100ft Robot Golf",2017-03-16,TRUE,FALSE,FALSE,"Mostly Positive",72,141,9.99,9.99,0,TRUE
402170,"Puzzle Ball",2015-10-01,TRUE,FALSE,FALSE,"Mostly Negative",38,36,2.99,2.99,0,TRUE
654350,"Cyber Utopia",2017-06-16,TRUE,FALSE,FALSE,"Mostly Negative",38,62,0.99,0.99,0,TRUE
576740,"FootRock 2",2017-06-16,TRUE,FALSE,FALSE,"Positive",85,27,0.99,0.99,0,TRUE
1089080,"Superstar Hero",2019-06-13,TRUE,TRUE,TRUE,"Mixed",55,18,0,0,0,TRUE
1158181,"Total War: WARHAMMER II - Repanse de Lyonesse",2019-12-12,TRUE,TRUE,TRUE,"Very Positive",81,514,0,0,0,TRUE
1251210,"Dungeon No Dungeon",2021-11-19,TRUE,TRUE,FALSE,"Mixed",59,410,6.99,6.99,0,TRUE
600140,"Belko VR: An Escape Room Experiment",2017-03-02,TRUE,FALSE,FALSE,"Very Positive",86,651,0,0,0,TRUE
1100300,"Gamedev Beatdown",2021-09-24,TRUE,TRUE,FALSE,"Mostly Positive",78,23,9.99,9.99,0,TRUE
804600,"Trivia Vault Football Trivia",2018-02-27,TRUE,FALSE,FALSE,"Mostly Positive",70,34,9.99,9.99,0,TRUE
259380,"PAYDAY 2: Gage Sniper Pack",2014-05-08,TRUE,FALSE,FALSE,"Very Positive",81,795,0.89,0.89,0,TRUE
1720600,"I Love Finding Cats",2021-09-20,TRUE,TRUE,FALSE,"Positive",100,13,6.99,6.99,0,TRUE
1389300,"Soulcaster",2020-09-01,TRUE,FALSE,FALSE,"Very Positive",93,59,0,0,0,TRUE
2309050,"Sea of Thieves - Wallpapers",2023-03-15,TRUE,FALSE,FALSE,"Positive",88,25,9.99,9.99,0,TRUE
586030,"Shardbound",2017-04-06,TRUE,FALSE,FALSE,"Mostly Positive",76,1206,0,0,0,TRUE
978920,"Wings of Virtus",2018-12-03,TRUE,FALSE,FALSE,"Mixed",55,18,0,0,0,TRUE
570310,"Aerofly FS 2 - Northeastern USA",2016-12-21,TRUE,TRUE,TRUE,"Positive",88,35,14.99,14.99,0,TRUE
1346680,"VR Astronomy and Geography Lab (Universe Spacecraft Solar System Earth Moon Relativity Flying over the World etc)",2020-06-28,TRUE,FALSE,FALSE,"Mixed",66,12,0,0,0,TRUE
424870,"Threads of Destiny",2015-12-04,TRUE,FALSE,FALSE,"Mixed",63,30,0.49,4.99,90,TRUE
716340,"Blackberry Honey",2017-10-24,TRUE,TRUE,TRUE,"Very Positive",97,431,12.99,12.99,0,TRUE
753380,"Metal Soldiers 2",2017-12-13,TRUE,FALSE,FALSE,"Mixed",62,24,0.99,0.99,0,TRUE
605610,"Dawn",2017-03-31,TRUE,FALSE,FALSE,"Very Positive",90,770,0,0,0,TRUE
579541,"RTK13WPK - Fan selected Re-Releases Officer Graphic Set ④ ファンが選ぶ復刻武将CGセット④",2017-03-08,TRUE,FALSE,FALSE,"Mixed",54,11,0,0,0,TRUE
113200,"The Binding of Isaac",2011-09-28,TRUE,TRUE,FALSE,"Overwhelmingly Positive",95,42729,2.24,4.99,55,TRUE
298630,"The Escapists",2015-02-13,TRUE,TRUE,TRUE,"Very Positive",90,13731,3.59,17.99,80,TRUE
359550,"Tom Clancy's Rainbow Six® Siege",2015-12-01,TRUE,FALSE,FALSE,"Very Positive",86,993312,20,0,0,TRUE
1682060,"Warriors of the Nile 2",2022-08-23,TRUE,FALSE,FALSE,"Very Positive",84,748,14.99,14.99,0,TRUE
453710,"TableTop Soccer",2016-04-22,TRUE,TRUE,TRUE,"Mostly Positive",75,81,0.99,0.99,0,TRUE
650700,"Yume Nikki",2018-01-09,TRUE,FALSE,FALSE,"Very Positive",93,5457,0,0,0,TRUE
1377450,"Knell of St. Godhrkar",2021-12-04,TRUE,TRUE,FALSE,"Very Positive",93,1028,0,0,0,TRUE
1758450,"狂神无双",2021-11-10,TRUE,FALSE,FALSE,"Very Positive",92,199,0,0,0,TRUE
1191580,"Nexomon",2020-07-10,TRUE,TRUE,FALSE,"Very Positive",89,1187,4.99,9.99,50,TRUE
1257570,"Two Point Hospital Soundtrack",2020-05-14,FALSE,FALSE,FALSE,"Positive",93,15,7.99,7.99,0,TRUE
900449,"Pathfinder: Kingmaker - Beneath The Stolen Lands",2019-06-06,TRUE,TRUE,TRUE,"Mixed",63,146,2.44,6.99,65,TRUE
1373780,"Bakery Magnate: Beginning",2020-08-23,TRUE,FALSE,FALSE,"Very Positive",85,854,0,0,0,TRUE
1923720,"Wildlife Planet: The Incremental",2022-08-25,TRUE,TRUE,FALSE,"Mixed",61,21,2.99,2.99,0,TRUE
1193590,"Abomi Nation",2021-07-28,TRUE,FALSE,FALSE,"Very Positive",87,85,19.99,19.99,0,TRUE
1104380,"The Room VR: A Dark Matter",2020-03-26,TRUE,FALSE,FALSE,"Overwhelmingly Positive",97,2893,29.99,29.99,0,TRUE
661970,"SPACE BATTLE: Humanity",2017-07-19,TRUE,FALSE,FALSE,"Mostly Negative",28,14,1.99,1.99,0,TRUE
21780,"Driver® Parallel Lines",2009-02-13,TRUE,FALSE,FALSE,"Very Positive",90,865,9.99,9.99,0,TRUE
1225820,"Hermitage: Strange Case Files",2021-10-26,TRUE,FALSE,FALSE,"Mixed",68,22,9.99,19.99,50,TRUE
1202170,"Barbarous - Tavern Of Emyr",2020-02-27,TRUE,TRUE,FALSE,"Positive",93,33,9.99,9.99,0,TRUE
1223060,"Northgard - Himminbrjotir Clan of the Ox",2020-01-29,TRUE,TRUE,TRUE,"Mostly Positive",75,123,4.99,4.99,0,TRUE
1714320,"Find Love or Die Trying",2021-09-16,TRUE,TRUE,TRUE,"Overwhelmingly Positive",96,8149,0,0,0,TRUE
2410761,"Guilty Gear 25th Anniversary Colors",2023-05-25,TRUE,FALSE,FALSE,"Positive",88,26,7.99,7.99,0,TRUE
1868280,"Coins Collector Simulator",2022-02-04,TRUE,FALSE,FALSE,"Mixed",68,16,9.99,9.99,0,TRUE
1159030,"Euro Truck Simulator 2 - Bulgarian Paint Jobs  Pack",2019-12-05,TRUE,TRUE,TRUE,"Very Positive",88,59,0.99,0.99,0,TRUE
708190,"Code World",2017-09-11,TRUE,FALSE,FALSE,"Mostly Positive",76,38,4.99,4.99,0,TRUE
715192,"Cities: Skylines - Carols Candles and Candy",2017-12-05,TRUE,TRUE,TRUE,"Very Positive",86,427,0,0,0,TRUE
1235751,"The Sims™ 4 Vintage Glamour Stuff",2020-06-18,TRUE,FALSE,FALSE,"Mixed",55,67,9.99,9.99,0,TRUE
616040,"Tales of the Tiny Planet",2017-08-03,TRUE,TRUE,FALSE,"Positive",92,14,9.99,9.99,0,TRUE
748340,"Dying Light - White Death Bundle",2017-12-19,TRUE,TRUE,TRUE,"Mostly Positive",72,79,0.86,2.99,71,TRUE
1922070,"The Dream Team",2022-06-01,TRUE,FALSE,FALSE,"Positive",100,11,0,0,0,TRUE
895140,"JJBoom",2018-09-12,TRUE,TRUE,FALSE,"Very Positive",89,138,4.99,4.99,0,TRUE
2094190,"苍白花树繁茂之时Blood Flowers",2022-11-03,TRUE,FALSE,FALSE,"Very Positive",82,52,7.99,7.99,0,TRUE
456430,"Christmas Adventure: Candy Storm",2016-04-01,TRUE,FALSE,FALSE,"Very Positive",90,313,1.99,1.99,0,TRUE
752020,"The Apartment",2018-01-26,TRUE,FALSE,FALSE,"Mixed",52,25,2.99,2.99,0,TRUE
2236920,"Save the Earth",2023-01-10,TRUE,FALSE,FALSE,"Very Positive",83,53,0,0,0,TRUE
1212400,"Heroines of Swords & Spells",2020-03-17,TRUE,FALSE,FALSE,"Very Positive",94,496,3.49,6.99,50,TRUE
1165870,"Mahou Arms",2020-04-28,TRUE,FALSE,FALSE,"Very Positive",86,421,29.99,29.99,0,TRUE
1641510,"Armed Emeth",2021-08-05,TRUE,FALSE,FALSE,"Mixed",63,11,14.99,14.99,0,TRUE
594810,"Color Jumper",2017-11-01,TRUE,TRUE,TRUE,"Positive",80,10,0.99,0.99,0,TRUE
1170120,"OUTTA GAS",2020-03-26,TRUE,FALSE,FALSE,"Positive",100,41,19.99,19.99,0,TRUE
1788100,"Saimin Gakushū: Secret Desire",2021-11-04,TRUE,FALSE,FALSE,"Mostly Positive",75,233,19.99,19.99,0,TRUE
1067430,"Beam",2020-09-29,TRUE,FALSE,FALSE,"Positive",91,37,18.99,18.99,0,TRUE
1093290,"The Wild at Heart",2021-05-19,TRUE,TRUE,FALSE,"Very Positive",95,286,24.99,24.99,0,TRUE
732030,"Pimiko Plus",2017-12-14,TRUE,FALSE,FALSE,"Positive",91,12,1.99,1.99,0,TRUE
1552130,"Forgotten Hope",2021-05-12,TRUE,FALSE,FALSE,"Very Positive",93,75,3.99,3.99,0,TRUE
609850,"Slinger VR",2020-04-23,TRUE,FALSE,FALSE,"Positive",83,18,14.99,14.99,0,TRUE
488660,"Just Deserts",2016-07-25,TRUE,TRUE,TRUE,"Mostly Positive",79,219,9.99,9.99,0,TRUE
1745740,"Laserboy",2021-11-22,TRUE,TRUE,TRUE,"Positive",91,37,0,0,0,TRUE
676820,"Subsurface Circular",2017-08-17,TRUE,TRUE,FALSE,"Overwhelmingly Positive",95,1311,5.99,5.99,0,TRUE
2447310,"Knight Overloaded",2023-06-15,TRUE,FALSE,FALSE,"Positive",100,24,1.99,1.99,0,TRUE
2316820,"Rudra: A Tale of Time",2023-04-26,TRUE,FALSE,FALSE,"Positive",84,13,0,0,0,TRUE
595500,"Freedom Planet 2",2022-09-13,TRUE,FALSE,FALSE,"Overwhelmingly Positive",96,1018,24.99,24.99,0,TRUE
729660,"Blackout Z: Slaughterhouse Edition",2017-10-20,TRUE,FALSE,FALSE,"Very Positive",88,137,0.99,0.99,0,TRUE
1213670,"Solitaire Forever II",2020-05-06,TRUE,FALSE,FALSE,"Very Positive",87,181,0,0,0,TRUE
985780,"Jack Axe",2021-10-06,TRUE,FALSE,FALSE,"Mostly Positive",74,50,14.99,14.99,0,TRUE
924780,"How to Sing to Open Your Heart",2019-01-17,TRUE,TRUE,FALSE,"Positive",100,19,7.19,11.99,40,TRUE
1135910,"Hunting Simulator 2",2020-07-16,TRUE,FALSE,FALSE,"Mixed",65,408,39.99,39.99,0,TRUE
428760,"Hatch and Slay",2015-12-22,TRUE,TRUE,TRUE,"Mostly Positive",70,10,1.99,1.99,0,TRUE
1285350,"Easy puzzle: Landscape",2020-04-20,TRUE,FALSE,FALSE,"Positive",100,10,3.99,3.99,0,TRUE
1548820,"Happy Puzzle",2021-04-24,TRUE,FALSE,FALSE,"Very Positive",88,290,1.99,1.99,0,TRUE
511360,"UNCORPOREAL - Holographic Photography Demo",2016-08-08,TRUE,FALSE,FALSE,"Positive",88,18,0,0,0,TRUE
34342,"Total War: SHOGUN 2 - Sengoku Jidai Unit Pack",2011-07-28,TRUE,TRUE,TRUE,"Very Positive",80,71,2.99,2.99,0,TRUE
362930,"Garfield Kart",2015-10-16,TRUE,TRUE,FALSE,"Very Positive",89,9043,4.99,4.99,0,TRUE
444970,"SPATIAL SOUND CARD",2016-03-13,TRUE,TRUE,FALSE,"Mostly Positive",72,189,9.99,9.99,0,TRUE
1289340,"TasteMaker",2021-02-18,TRUE,FALSE,FALSE,"Very Positive",87,970,9.99,9.99,0,TRUE
1013950,"AntiPodal",2019-03-22,TRUE,TRUE,FALSE,"Mostly Positive",78,19,0,0,0,TRUE
516030,"Insane Robots",2018-07-12,TRUE,TRUE,FALSE,"Mostly Positive",77,18,19.99,19.99,0,TRUE
552370,"Riders of Asgard",2017-03-31,TRUE,FALSE,TRUE,"Positive",92,13,7.99,7.99,0,TRUE
535190,"Chunky Orbits",2016-12-20,TRUE,FALSE,FALSE,"Positive",94,17,1.99,1.99,0,TRUE
1035950,"Philophobia: The Fear of Love",2020-02-10,TRUE,FALSE,FALSE,"Positive",95,43,11.99,11.99,0,TRUE
1422730,"Hijacker Jack : ARCADE FMV",2020-12-07,TRUE,FALSE,FALSE,"Mixed",54,33,4.99,4.99,0,TRUE
395550,"Operation Hardcore",2016-12-28,TRUE,TRUE,FALSE,"Positive",88,17,4.99,4.99,0,TRUE
1099220,"The Alien Cube",2021-10-14,TRUE,FALSE,FALSE,"Very Positive",82,244,19.99,19.99,0,TRUE
496310,"Momento Temporis: Light from the Deep",2016-10-27,TRUE,TRUE,FALSE,"Mixed",60,20,4.99,4.99,0,TRUE
963220,"The Bluecoats: North & South",2020-11-05,TRUE,TRUE,FALSE,"Mixed",61,78,19.99,19.99,0,TRUE
2380240,"Sparky Marky",2023-04-14,TRUE,FALSE,FALSE,"Mostly Positive",72,22,0,0,0,TRUE
2531820,"Call of Duty®: Modern Warfare® II - BlackCell (Season 06)",2023-09-27,TRUE,FALSE,FALSE,"Mixed",47,146,30,0,0,TRUE
1639760,"The Slaughter: Magdalene",2021-06-03,TRUE,TRUE,TRUE,"Positive",100,11,0,0,0,TRUE
350880,"Archamon",2017-11-24,TRUE,FALSE,FALSE,"Mostly Positive",70,27,9.99,9.99,0,TRUE
1000700,"Insomnis",2022-01-07,TRUE,FALSE,FALSE,"Very Positive",89,93,14.99,14.99,0,TRUE
1880832,"Hogwarts Legacy: Dark Arts Pack",2023-02-10,TRUE,FALSE,FALSE,"Mixed",67,617,19.99,19.99,0,TRUE
758730,"Paw Patrol: On A Roll!",2018-10-23,TRUE,FALSE,FALSE,"Very Positive",84,256,29.99,29.99,0,TRUE
829630,"Skat Stammtisch",2018-04-30,TRUE,FALSE,FALSE,"Mostly Negative",36,19,8.99,8.99,0,TRUE
615690,"Inferno",2020-10-01,TRUE,FALSE,FALSE,"Mostly Positive",75,12,0.49,4.99,90,TRUE
354468,"Hyperdimension Neptunia Re;Birth2 Nepgear's Beam Zapper ZERO",2015-05-29,TRUE,FALSE,FALSE,"Mixed",50,42,0.99,0.99,0,TRUE
1795470,"Flooded",2023-04-12,TRUE,FALSE,FALSE,"Positive",90,31,11.69,12.99,10,TRUE
2389700,"My monstrous roommate. (étude)",2023-05-09,TRUE,FALSE,FALSE,"Positive",100,13,0.84,0.99,15,TRUE
1768300,"Grid Miner",2022-05-03,TRUE,FALSE,FALSE,"Mostly Positive",78,38,2.99,2.99,0,TRUE
458790,"The House in Fata Morgana Original Soundtrack",2016-05-13,FALSE,FALSE,FALSE,"Positive",100,32,11.99,11.99,0,TRUE
2199310,"Not For Broadcast: Live & Spooky",2023-03-23,TRUE,FALSE,FALSE,"Very Positive",80,57,8.99,8.99,0,TRUE
1778060,"Roll For Initiative",2023-04-13,TRUE,FALSE,FALSE,"Positive",81,11,0,0,0,TRUE
253250,"Stonehearth",2018-07-25,TRUE,TRUE,FALSE,"Mostly Positive",77,9293,19.99,19.99,0,TRUE
2194670,"Naval Battle Online",2022-11-17,TRUE,FALSE,FALSE,"Mostly Positive",76,21,0,0,0,TRUE
1205520,"Pentiment",2022-11-14,TRUE,FALSE,FALSE,"Overwhelmingly Positive",96,2335,19.99,19.99,0,TRUE
1194250,"Screaming Chicken: Ultimate Showdown",2023-04-13,TRUE,FALSE,FALSE,"Positive",97,39,13.49,14.99,10,TRUE
1141960,"Pathologic 2: Marble Nest",2019-10-28,TRUE,FALSE,FALSE,"Very Positive",91,133,9.99,9.99,0,TRUE
1095960,"Zeliria Sanctuary - Rise of Pumpkins",2019-06-07,TRUE,TRUE,TRUE,"Positive",100,11,0,0,0,TRUE
358340,"Word Rescue",2014-05-05,TRUE,TRUE,FALSE,"Positive",91,36,4.99,4.99,0,TRUE
437420,"The Secret Order 3: Ancient Times",2016-03-10,TRUE,TRUE,TRUE,"Very Positive",87,221,9.99,9.99,0,TRUE
1867100,"Merge Hero",2022-04-04,TRUE,FALSE,FALSE,"Mostly Negative",24,25,4.99,4.99,0,TRUE
819520,"Star Souls",2020-03-03,TRUE,FALSE,FALSE,"Mostly Positive",75,28,1.99,7.99,75,TRUE
1570130,"GameCreator",2022-10-26,TRUE,FALSE,FALSE,"Positive",82,23,39.99,39.99,0,TRUE
402890,"Nyctophilia",2015-09-23,TRUE,FALSE,FALSE,"Mixed",63,301,0,0,0,TRUE
1647730,"Zool Redimensioned",2021-08-18,TRUE,FALSE,FALSE,"Very Positive",96,95,9.99,9.99,0,TRUE
1815340,"Jivana",2022-01-21,TRUE,FALSE,FALSE,"Very Positive",90,479,0,0,0,TRUE
919010,"REVN",2021-11-08,TRUE,FALSE,FALSE,"Mostly Positive",70,65,0,0,0,TRUE
1094030,"Lurk in the Dark : Prologue",2019-11-08,TRUE,FALSE,FALSE,"Very Positive",89,1760,0,0,0,TRUE
1221830,"Farmer Pug Dash",2020-01-31,TRUE,FALSE,FALSE,"Positive",90,11,0,0,0,TRUE
1662140,"Real estate tycoon",2022-08-05,TRUE,FALSE,FALSE,"Mostly Positive",75,364,10.99,10.99,0,TRUE
1169020,"Dark Fall: Ghost Vigil",2020-01-10,TRUE,FALSE,FALSE,"Very Positive",89,118,10.99,10.99,0,TRUE
2183500,"Moto Offroad Simulator",2022-11-29,TRUE,FALSE,FALSE,"Positive",80,15,0.49,4.99,90,TRUE
1343370,"Old School RuneScape",2021-02-24,TRUE,TRUE,FALSE,"Very Positive",90,14032,0,0,0,TRUE
939330,"Tailor Tales",2019-01-09,TRUE,FALSE,FALSE,"Overwhelmingly Positive",95,630,0,0,0,TRUE
2139265,"Call of Duty League™ - Los Angeles Guerrillas Pack 2023",2022-11-29,TRUE,FALSE,FALSE,"Positive",91,49,9.99,9.99,0,TRUE
1167000,"Steel Division 2 - Reinforcement Pack #11 - Army General Coop",2021-07-15,TRUE,FALSE,FALSE,"Mixed",64,25,0,0,0,TRUE
617590,"Affliction",2018-06-25,TRUE,FALSE,FALSE,"Mixed",52,44,2.99,2.99,0,TRUE
1752910,"Inscryption Soundtrack",2021-10-19,FALSE,FALSE,FALSE,"Positive",95,49,3.99,3.99,0,TRUE
1710250,"Alice Trapped Beyond Wonderland",2021-08-20,TRUE,FALSE,FALSE,"Positive",80,15,1.49,4.99,70,TRUE
1717300,"Prank!",2021-08-20,TRUE,FALSE,FALSE,"Mixed",66,39,0.99,0.99,0,TRUE
1210800,"Rum & Gun",2020-05-01,TRUE,FALSE,FALSE,"Very Positive",94,136,4.99,4.99,0,TRUE
1659040,"HITMAN 3",2022-01-20,TRUE,FALSE,FALSE,"Very Positive",84,13718,35,0,0,TRUE
1136110,"Hidden Objects - The Mystery House",2019-08-19,TRUE,FALSE,FALSE,"Negative",17,17,0.99,0.99,0,TRUE
356290,"Cuban Missile Crisis: Ice Crusade",2015-03-25,TRUE,FALSE,FALSE,"Mostly Positive",75,56,4.99,4.99,0,TRUE
2051100,"ALPHA-NIGHTHAWK",2022-10-27,TRUE,FALSE,FALSE,"Mostly Positive",72,11,13.99,19.99,30,TRUE
360020,"Rise of Flight: ILYA Muromets",2015-06-02,TRUE,FALSE,FALSE,"Mostly Positive",70,10,24.99,24.99,0,TRUE
2091370,"Songs from the Iron Sea",2022-09-22,TRUE,FALSE,FALSE,"Positive",100,35,0,0,0,TRUE
826930,"The Capture Worlds",2018-04-19,TRUE,FALSE,FALSE,"Positive",90,10,0,0,0,TRUE
212301,"Total War: ROME II - Greek States Culture Pack",2013-09-03,TRUE,FALSE,FALSE,"Mixed",57,294,8.99,8.99,0,TRUE
879410,"Let's Go There And Wander Nowhere",2018-07-05,TRUE,TRUE,TRUE,"Mixed",54,37,0,0,0,TRUE
1099110,"愚者地牢-UP主的消失",2019-06-18,TRUE,FALSE,FALSE,"Very Positive",83,199,0,0,0,TRUE
343860,"Tacoma",2017-08-01,TRUE,TRUE,TRUE,"Very Positive",87,2604,7.99,19.99,60,TRUE
554800,"Masky",2016-12-16,TRUE,TRUE,TRUE,"Very Positive",80,91,0.99,0.99,0,TRUE
688370,"Cyberoque",2018-11-26,TRUE,FALSE,FALSE,"Positive",81,11,1.19,11.99,90,TRUE
416360,"Max's Big Bust - A Captain Nekorai Tale",2017-02-06,TRUE,TRUE,TRUE,"Very Positive",95,92,19.99,19.99,0,TRUE
291430,"Lost Marbles",2014-05-30,TRUE,TRUE,TRUE,"Mixed",58,12,9.99,9.99,0,TRUE
1675100,"AE86 EUROBEAT DRIFT",2021-07-16,TRUE,FALSE,FALSE,"Positive",94,18,1.99,1.99,0,TRUE
675960,"Matryoshka Strike",2017-09-11,TRUE,FALSE,FALSE,"Mixed",53,15,0.29,0.99,70,TRUE
1542790,"SRX: The Game",2021-05-28,TRUE,FALSE,FALSE,"Very Positive",90,143,39.99,39.99,0,TRUE
1439700,"Alchemy Absorption: Melody",2020-11-20,TRUE,FALSE,TRUE,"Positive",90,11,0.89,2.99,70,TRUE
349770,"Dungeon of the ENDLESS™ - Deep Freeze Add-on",2015-04-16,TRUE,TRUE,FALSE,"Mostly Positive",70,30,1.99,1.99,0,TRUE
1509230,"Prop Hunt",2021-03-26,TRUE,FALSE,FALSE,"Mostly Negative",36,80,9.99,9.99,0,TRUE
727290,"Boot Hill Bounties",2017-12-14,TRUE,FALSE,FALSE,"Positive",92,13,12.99,12.99,0,TRUE
1715850,"NAIR",2021-09-14,TRUE,FALSE,FALSE,"Very Positive",95,64,2.99,2.99,0,TRUE
774171,"Muse Dash",2019-06-19,TRUE,TRUE,FALSE,"Very Positive",90,86591,3,0,0,TRUE
914110,"Narcos: Rise of the Cartels",2019-11-19,TRUE,FALSE,FALSE,"Mixed",51,285,29.99,29.99,0,TRUE
1515020,"Kingsblood",2023-06-21,TRUE,FALSE,TRUE,"Positive",100,19,14.99,14.99,0,TRUE
1924440,"Directly Drink Milk from Cow　【直に牛乳を飲め】",2022-03-30,TRUE,FALSE,FALSE,"Mostly Positive",73,15,8.78,8.78,0,TRUE
619220,"GoBlock's Impossible Medley",2017-04-14,TRUE,TRUE,TRUE,"Positive",84,13,0.99,0.99,0,TRUE
2156070,"Degen Royale",2022-11-03,TRUE,TRUE,FALSE,"Positive",88,18,0,0,0,TRUE
1203630,"Record of Lodoss War-Deedlit in Wonder Labyrinth-",2021-03-27,TRUE,FALSE,FALSE,"Very Positive",93,5126,19.99,19.99,0,TRUE
1112100,"Tarzan VR™  The Trilogy Edition",2020-11-17,TRUE,FALSE,FALSE,"Mixed",58,34,19.99,19.99,0,TRUE
1254930,"Rain Island",2020-03-06,TRUE,FALSE,FALSE,"Mostly Positive",79,34,1.49,2.99,50,TRUE
2152880,"SpongeBob SquarePants: The Cosmic Shake - Costume Pack",2023-01-31,TRUE,FALSE,FALSE,"Positive",80,26,9.99,9.99,0,TRUE
993990,"Hunger Apartment （蚀狱）",2019-03-20,TRUE,TRUE,FALSE,"Mixed",50,72,2.99,2.99,0,TRUE
1254720,"The Last Bee",2020-05-01,TRUE,FALSE,FALSE,"Mixed",45,11,0,0,0,TRUE
1815780,"Asphalt 9: Legends",2022-08-02,TRUE,FALSE,FALSE,"Very Positive",81,3520,0,0,0,TRUE
247140,"Soundodger+",2013-10-11,TRUE,FALSE,FALSE,"Very Positive",91,663,7.99,7.99,0,TRUE
1590660,"Mr. Hopp's Playhouse 2",2021-06-14,TRUE,FALSE,FALSE,"Very Positive",93,442,3.99,3.99,0,TRUE
1467260,"PSIONIC",2020-11-20,TRUE,FALSE,FALSE,"Positive",83,24,0.28,0.99,71,TRUE
1465950,"Phoenix Hope",2021-12-14,TRUE,FALSE,FALSE,"Mostly Positive",79,104,9.99,9.99,0,TRUE
320650,"Season Match 2",2014-10-10,TRUE,FALSE,FALSE,"Mixed",56,93,3.99,3.99,0,TRUE
416190,"Vehicle Simulator",2015-12-09,TRUE,FALSE,FALSE,"Very Positive",88,228,34.99,34.99,0,TRUE
1134260,"O Rei",2019-08-25,TRUE,FALSE,FALSE,"Positive",90,10,0,0,0,TRUE
349540,"PeriAreion",2015-02-19,TRUE,TRUE,FALSE,"Mostly Negative",33,53,0,0,0,TRUE
540230,"Civil War: 1861",2017-02-01,TRUE,TRUE,FALSE,"Mostly Positive",78,19,9.99,9.99,0,TRUE
304010,"Sid Meier's Civilization: Beyond Earth Exoplanets Map Pack",2014-11-26,TRUE,TRUE,TRUE,"Mixed",55,81,2.99,2.99,0,TRUE
690710,"HEIANKYO ALIEN / 平安京エイリアン",2017-10-13,TRUE,FALSE,FALSE,"Positive",90,22,13.99,13.99,0,TRUE
510080,"Worldy Cup",2016-08-10,TRUE,FALSE,FALSE,"Mixed",61,13,4.99,4.99,0,TRUE
1261960,"STRIKERS 1945",2020-04-30,TRUE,FALSE,FALSE,"Very Positive",95,106,9.99,9.99,0,TRUE
1045890,"The LEGO Movie 2 Videogame - Galactic Adventures Character & Level Pack",2019-04-18,TRUE,FALSE,FALSE,"Mostly Positive",79,29,0,0,0,TRUE
553520,"Trainz Railroad Simulator 2019",2019-01-07,TRUE,TRUE,FALSE,"Mostly Positive",74,1660,39.99,39.99,0,TRUE
787120,"There Is No Tomorrow: Revived Edition",2020-01-15,TRUE,FALSE,FALSE,"Mixed",40,15,9.99,9.99,0,TRUE
885910,"Ginga Force",2020-09-24,TRUE,FALSE,FALSE,"Very Positive",92,68,19.99,19.99,0,TRUE
972560,"Termite",2018-12-10,TRUE,TRUE,TRUE,"Mixed",63,22,0,0,0,TRUE
1081810,"时之扉",2019-06-11,TRUE,FALSE,FALSE,"Mixed",44,38,0,0,0,TRUE
800200,"Witching Tower VR",2018-10-25,TRUE,FALSE,FALSE,"Mostly Positive",76,107,19.99,19.99,0,TRUE
739253,"BattleRush - USSR Army DLC",2017-12-18,TRUE,FALSE,FALSE,"Positive",85,14,9.99,9.99,0,TRUE
445220,"Avorion",2020-03-09,TRUE,TRUE,TRUE,"Very Positive",90,10479,12.49,24.99,50,TRUE
570690,"Xmas Zombie Rampage",2016-12-21,TRUE,FALSE,FALSE,"Negative",14,28,14.99,14.99,0,TRUE
3920,"Sid Meier's Pirates!",2005-07-11,TRUE,FALSE,FALSE,"Very Positive",94,4607,2.49,9.99,75,TRUE
1911150,"Unity of Command II - Desert Fox",2022-12-08,TRUE,TRUE,FALSE,"Positive",88,18,9.99,9.99,0,TRUE
2147130,"Crazy Edition of Stunts",2022-10-04,TRUE,FALSE,FALSE,"Mixed",50,10,3.99,3.99,0,TRUE
2354830,"Wise Garden",2023-06-02,TRUE,FALSE,TRUE,"Positive",100,14,9.99,9.99,0,TRUE
1517160,"Under The Ghost Mountain",2021-04-29,TRUE,TRUE,FALSE,"Positive",100,21,2.99,2.99,0,TRUE
1974220,"Eden Island",2022-10-01,TRUE,FALSE,FALSE,"Mixed",61,76,14.99,14.99,0,TRUE
316080,"Parcel",2015-04-22,TRUE,TRUE,TRUE,"Very Positive",84,110,4.99,4.99,0,TRUE
940980,"Phantasmat: The Dread of Oakville Collector's Edition",2018-10-12,TRUE,FALSE,FALSE,"Positive",91,12,9.99,9.99,0,TRUE
32370,"STAR WARS™ - Knights of the Old Republic™",2009-09-05,TRUE,TRUE,FALSE,"Very Positive",90,23396,9.99,9.99,0,TRUE
666960,"Cowboy's Adventure",2017-06-29,TRUE,FALSE,FALSE,"Mixed",56,23,0.37,1.99,81,TRUE
1484960,"Escape to Moscow",2020-12-15,TRUE,TRUE,TRUE,"Very Positive",86,362,0,0,0,TRUE
1145490,"Operation Armstrong",2021-05-18,TRUE,FALSE,FALSE,"Positive",81,16,12.99,12.99,0,TRUE
1403310,"Garden Simulator",2022-09-08,TRUE,FALSE,FALSE,"Very Positive",89,143,14.99,14.99,0,TRUE
606890,"Masters of Anima",2018-04-10,TRUE,FALSE,FALSE,"Very Positive",83,256,6.99,6.99,0,TRUE
1655840,"Turbo Tempest",2021-07-08,TRUE,FALSE,FALSE,"Mixed",57,14,0,0,0,TRUE
490280,"Realms of Magic",2022-07-20,TRUE,FALSE,FALSE,"Very Positive",82,726,19.99,19.99,0,TRUE
395850,"Bear Simulator",2016-02-26,TRUE,TRUE,TRUE,"Very Positive",85,440,14.99,14.99,0,TRUE
1463140,"Destructo",2021-03-31,TRUE,FALSE,FALSE,"Mostly Negative",38,13,6.99,6.99,0,TRUE
584141,"Music - Hearts of Iron IV: Sabaton Soundtrack Vol. 2",2017-01-26,TRUE,TRUE,TRUE,"Very Positive",85,204,5.99,5.99,0,TRUE
632290,"The Grand Ball",2017-05-10,TRUE,TRUE,FALSE,"Mixed",61,18,2.49,4.99,50,TRUE
746880,"Spoxel",2019-03-28,TRUE,TRUE,TRUE,"Mixed",57,21,14.99,14.99,0,TRUE
1063980,"Hell Architect",2021-08-18,TRUE,TRUE,FALSE,"Mixed",69,271,24.99,24.99,0,TRUE
546160,"Ladybug Quest",2019-02-11,TRUE,TRUE,TRUE,"Positive",94,17,9.99,9.99,0,TRUE
1873750,"Periphery",2022-08-19,TRUE,FALSE,FALSE,"Mixed",58,29,4.99,4.99,0,TRUE
1358860,"Groove Fit Kingdom!",2020-07-15,TRUE,FALSE,FALSE,"Mostly Positive",73,19,0,0,0,TRUE
751340,"ASSAULT GUNNERS HD EDITION",2018-03-20,TRUE,FALSE,FALSE,"Mostly Positive",75,102,9.99,9.99,0,TRUE
1364710,"Skycadia",2020-12-07,TRUE,FALSE,FALSE,"Positive",84,13,9.99,9.99,0,TRUE
1809710,"Adventure Rush",2021-12-21,TRUE,FALSE,FALSE,"Positive",100,16,9.99,9.99,0,TRUE
853320,"KURT - DER FUSSBALLMANAGER",2020-03-06,TRUE,FALSE,FALSE,"Mostly Positive",70,20,11.99,11.99,0,TRUE
789100,"My Little Farmies",2018-02-27,TRUE,FALSE,FALSE,"Mixed",53,391,0,0,0,TRUE
2518960,"Wizardry: Proving Grounds of the Mad Overlord",2023-09-15,TRUE,FALSE,FALSE,"Very Positive",83,124,30,0,0,TRUE
595660,"Lux Alliance",2017-06-08,TRUE,TRUE,TRUE,"Mostly Positive",77,48,9.99,9.99,0,TRUE
222940,"THE KING OF FIGHTERS XIII STEAM EDITION",2013-09-13,TRUE,FALSE,FALSE,"Very Positive",90,6988,19.99,19.99,0,TRUE
705070,"FEMINAZI: 3000",2017-09-19,TRUE,FALSE,FALSE,"Mixed",50,60,1.99,1.99,0,TRUE
1054600,"Resistance Element",2019-05-27,TRUE,FALSE,FALSE,"Very Positive",85,299,0,0,0,TRUE
1919263,"Forza Horizon 5 2019 Porsche 911 Speedster",2022-04-21,TRUE,FALSE,FALSE,"Positive",90,11,2.99,2.99,0,TRUE
208814,"Tomb Raider: 1939 Multiplayer Map Pack",2013-04-03,TRUE,FALSE,TRUE,"Mixed",67,83,3.99,3.99,0,TRUE
515650,"Straimium Immortaly",2016-10-10,TRUE,FALSE,FALSE,"Very Positive",92,139,6.99,6.99,0,TRUE
681480,"Ancient Worlds: Jaguar's Fate",2017-08-16,TRUE,FALSE,FALSE,"Negative",15,13,0.99,0.99,0,TRUE
1480410,"Sentinel: Cursed Knight",2021-04-08,TRUE,FALSE,FALSE,"Mixed",63,11,4.99,4.99,0,TRUE
1022780,"Animal Fight Club",2019-04-19,TRUE,TRUE,FALSE,"Very Positive",82,240,4.99,4.99,0,TRUE
871930,"GLADIABOTS - AI Combat Arena",2019-05-22,TRUE,TRUE,TRUE,"Very Positive",90,740,14.99,14.99,0,TRUE
842180,"Prison Simulator",2021-11-04,TRUE,FALSE,FALSE,"Very Positive",87,1569,19.99,19.99,0,TRUE
1457080,"The Mageseeker: A League of Legends Story™",2023-04-18,TRUE,FALSE,FALSE,"Very Positive",84,1026,29.99,29.99,0,TRUE
1427880,"Beat Me! - Puppetonia Tournament",2020-11-13,TRUE,FALSE,FALSE,"Mixed",54,64,0,0,0,TRUE
924670,"Need for Spirit: Drink & Drive Simulator/醉驾模拟器",2018-09-05,TRUE,FALSE,FALSE,"Mixed",56,82,0.99,0.99,0,TRUE
1839510,"RPG Time: The Legend of Wright",2022-09-13,TRUE,FALSE,FALSE,"Very Positive",95,147,29.99,29.99,0,TRUE
991170,"Barn Finders",2020-06-15,TRUE,FALSE,FALSE,"Very Positive",83,3255,19.99,19.99,0,TRUE
217140,"Rise of the Triad",2013-07-31,TRUE,FALSE,FALSE,"Mixed",67,1767,14.99,14.99,0,TRUE
1549030,"100 hidden snails 2",2021-02-26,TRUE,FALSE,FALSE,"Very Positive",95,245,1.99,1.99,0,TRUE
1614270,"Submerged: Hidden Depths",2022-03-09,TRUE,FALSE,FALSE,"Very Positive",94,159,29.99,29.99,0,TRUE
8800,"Civilization IV: Beyond the Sword",2007-07-24,TRUE,TRUE,FALSE,"Overwhelmingly Positive",96,2738,7.49,29.99,75,TRUE
285330,"RollerCoaster Tycoon® 2: Triple Thrill Pack",2014-05-21,TRUE,FALSE,FALSE,"Very Positive",88,3950,9.99,9.99,0,TRUE
1675530,"Turbeton",2022-05-26,TRUE,TRUE,FALSE,"Mixed",58,12,0,0,0,TRUE
748260,"Gremlins Inc. – Card Game Print & Play Set",2017-11-22,TRUE,TRUE,TRUE,"Mostly Positive",75,12,4.99,4.99,0,TRUE
504800,"Sorcery! Part 4",2016-09-22,TRUE,TRUE,FALSE,"Very Positive",82,67,9.99,9.99,0,TRUE
1933740,"The Caligula Effect 2",2022-06-22,TRUE,FALSE,FALSE,"Very Positive",92,253,49.99,49.99,0,TRUE
650090,"VeeR VR:VR Video and Movie Platform",2017-07-20,TRUE,FALSE,FALSE,"Very Positive",82,143,0,0,0,TRUE
390710,"Acceleration of SUGURI 2",2018-03-07,TRUE,FALSE,FALSE,"Very Positive",91,252,8.99,8.99,0,TRUE
273153,"Castlevania: Lords of Shadow 2 - Revelations DLC",2014-03-25,TRUE,FALSE,FALSE,"Very Positive",82,89,7.99,7.99,0,TRUE
1752260,"Mythic",2022-09-29,TRUE,TRUE,TRUE,"Mixed",52,42,14.99,14.99,0,TRUE
995230,"FREEDIVER: Triton Down",2019-05-30,TRUE,FALSE,FALSE,"Very Positive",84,271,8.99,8.99,0,TRUE
916510,"Running Man 3D Part2",2018-08-23,TRUE,FALSE,FALSE,"Mostly Positive",75,12,0.99,0.99,0,TRUE
539730,"True Sight",2016-10-14,FALSE,FALSE,FALSE,"Very Positive",94,459,0,0,0,TRUE
2198970,"Land of Towers",2023-01-23,TRUE,FALSE,FALSE,"Positive",90,10,9.99,9.99,0,TRUE
1029560,"Bandits",2019-07-26,TRUE,FALSE,FALSE,"Positive",93,16,0.49,4.99,90,TRUE
342080,"Rogue Invader",2021-12-15,TRUE,TRUE,FALSE,"Positive",93,15,7.99,9.99,20,TRUE
760890,"Hello Charlotte EP3: Childhood's End",2018-01-04,TRUE,FALSE,FALSE,"Overwhelmingly Positive",98,1225,2.99,2.99,0,TRUE
282510,"Alien: Isolation - Last Survivor",2014-10-14,TRUE,TRUE,TRUE,"Mostly Positive",72,223,3.99,3.99,0,TRUE
2423960,"Lord of the Click: Interstellar Wars",2023-05-23,TRUE,FALSE,FALSE,"Positive",84,13,1.04,2.99,65,TRUE
373951,"The Witcher 3: Wild Hunt - Elite Crossbow Set",2015-06-03,TRUE,FALSE,FALSE,"Very Positive",89,128,0,0,0,TRUE
1363900,"Farworld Pioneers",2023-05-30,TRUE,FALSE,FALSE,"Mostly Negative",39,392,11.99,14.99,20,TRUE
361600,"Luna Sky",2015-10-02,TRUE,FALSE,TRUE,"Mixed",68,19,12.99,12.99,0,TRUE
1407890,"hexurb",2021-05-31,TRUE,FALSE,FALSE,"Mostly Positive",75,44,4.99,4.99,0,TRUE
329660,"Silent Service",2014-11-06,TRUE,TRUE,TRUE,"Mostly Positive",78,14,6.99,6.99,0,TRUE
1525490,"异世界攻略组 Another World Adventure",2021-06-01,TRUE,FALSE,FALSE,"Mostly Positive",73,49,5.99,5.99,0,TRUE
450950,"Danmaku Unlimited 3",2017-03-09,TRUE,FALSE,FALSE,"Very Positive",89,169,9.99,9.99,0,TRUE
960980,"Apsulov: End of Gods",2019-08-08,TRUE,FALSE,FALSE,"Very Positive",87,1119,19.99,19.99,0,TRUE
408000,"Cinderella Escape! R12",2015-11-16,TRUE,TRUE,FALSE,"Mostly Positive",78,343,4.99,4.99,0,TRUE
1228430,"Pair-a-Site",2020-02-06,TRUE,FALSE,FALSE,"Positive",100,17,0,0,0,TRUE
313420,"OMSI 2 Add-on Vienna",2014-10-15,TRUE,FALSE,FALSE,"Mixed",46,52,19.99,19.99,0,TRUE
1159500,"Ghost Files 2: Memory of a Crime",2019-11-14,TRUE,TRUE,TRUE,"Mostly Positive",78,89,14.99,14.99,0,TRUE
2320270,"I am The Exorcist",2023-04-02,TRUE,FALSE,FALSE,"Mostly Positive",70,20,8.99,8.99,0,TRUE
919330,"Ghost in the pool",2021-01-27,TRUE,FALSE,FALSE,"Mostly Positive",75,202,4.99,4.99,0,TRUE
798740,"Don't Starve Together: Beating Heart Chest",2018-02-09,TRUE,TRUE,TRUE,"Positive",100,33,4.99,4.99,0,TRUE
300580,"GALAK-Z",2015-10-29,TRUE,TRUE,TRUE,"Mostly Positive",78,237,19.99,19.99,0,TRUE
105420,"Ms. Splosion Man",2013-04-03,TRUE,FALSE,FALSE,"Very Positive",86,179,9.99,9.99,0,TRUE
1922550,"Psychosis",2022-12-20,TRUE,FALSE,FALSE,"Positive",100,12,4.99,4.99,0,TRUE
1296731,"Crusader Kings III: Fashion of the Abbasid Court",2020-09-01,TRUE,TRUE,TRUE,"Mixed",50,208,74.99,74.99,0,TRUE
1779190,"Soulsland",2021-11-04,TRUE,FALSE,FALSE,"Mostly Positive",70,24,5.99,5.99,0,TRUE
2246120,"Coralina",2023-01-06,TRUE,FALSE,FALSE,"Very Positive",96,113,5,5,0,TRUE
1341100,"Demonic Blade",2020-06-17,TRUE,FALSE,TRUE,"Positive",100,17,4.99,4.99,0,TRUE
1031270,"Farming Life",2021-10-18,TRUE,FALSE,FALSE,"Mixed",61,77,9.99,9.99,0,TRUE
449710,"REDCON",2016-04-22,TRUE,TRUE,TRUE,"Very Positive",80,521,5.99,5.99,0,TRUE
215470,"Primal Carnage",2012-10-29,TRUE,FALSE,FALSE,"Mostly Positive",77,4831,4.99,4.99,0,TRUE
1113700,"Farm Together - Celery Pack",2019-08-08,TRUE,TRUE,TRUE,"Positive",85,20,3.99,3.99,0,TRUE
1574010,"Shattered Slime",2021-03-29,TRUE,TRUE,FALSE,"Positive",96,32,0,0,0,TRUE
1035010,"Mini Gal4Xy",2019-05-07,TRUE,TRUE,TRUE,"Positive",86,29,3.99,3.99,0,TRUE
1084680,"Space Engineers - Style Pack",2019-06-06,TRUE,FALSE,FALSE,"Mostly Positive",71,173,4.99,4.99,0,TRUE
399920,"Blowy Fish",2015-09-25,TRUE,FALSE,FALSE,"Mostly Positive",72,11,1.99,1.99,0,TRUE
1659800,"Sweet House",2021-07-20,TRUE,FALSE,FALSE,"Very Positive",81,351,1.99,1.99,0,TRUE
1225260,"Survive In Russia",2020-02-17,TRUE,TRUE,FALSE,"Mixed",67,53,5.99,5.99,0,TRUE
757300,"Truberbrook / Trüberbrook",2019-03-12,TRUE,TRUE,TRUE,"Mostly Positive",73,924,29.99,29.99,0,TRUE
378400,"Gaokao.Love.100Days - Original Soundtrack",2015-06-26,TRUE,FALSE,FALSE,"Very Positive",98,73,2.99,2.99,0,TRUE
2294222,"World of Warships — Publisher Weekend Welcome Pack",2023-02-16,TRUE,FALSE,FALSE,"Very Positive",84,118,0,0,0,TRUE
924150,"Farm Together - Ginger Pack",2018-12-06,TRUE,TRUE,TRUE,"Mostly Positive",79,24,3.99,3.99,0,TRUE
1237080,"Comic Book Tycoon",2020-03-19,TRUE,FALSE,FALSE,"Mixed",46,45,4.99,4.99,0,TRUE
2110570,"Farma Force",2022-12-06,TRUE,FALSE,FALSE,"Mixed",40,10,60,60,0,TRUE
842500,"Kickshot",2018-05-04,TRUE,FALSE,FALSE,"Mostly Positive",75,60,0,0,0,TRUE
2396380,"黑暗塔 (The Dark Tower)",2023-05-25,TRUE,FALSE,FALSE,"Positive",93,32,0.99,0.99,0,TRUE
594660,"Runt of the Litter",2017-02-23,TRUE,TRUE,TRUE,"Positive",82,47,4.99,4.99,0,TRUE
1244060,"Steam Summer Saliens Soundtrack",2020-02-10,FALSE,FALSE,FALSE,"Positive",97,35,0,0,0,TRUE
1523470,"Lumberjack's Dynasty - Digital Supporter Pack",2021-02-25,TRUE,FALSE,FALSE,"Mixed",57,14,5.99,5.99,0,TRUE
218510,"Planets Under Attack",2012-09-27,TRUE,TRUE,FALSE,"Mixed",63,311,9.99,9.99,0,TRUE
657320,"Reverse Fantasy Legend",2017-11-23,TRUE,FALSE,FALSE,"Mostly Negative",38,18,18.99,18.99,0,TRUE
889730,"Downtown Mafia: Gang Wars",2018-07-25,TRUE,TRUE,TRUE,"Mixed",68,123,0,0,0,TRUE
1144310,"Fluffy Store - Listening with you",2019-09-10,TRUE,TRUE,FALSE,"Positive",100,36,1.99,1.99,0,TRUE
738590,"Wars and Battles: October War",2018-11-28,TRUE,TRUE,FALSE,"Positive",83,12,12.99,12.99,0,TRUE
377070,"Noctropolis",2015-09-03,TRUE,TRUE,TRUE,"Positive",85,42,9.99,9.99,0,TRUE
1813890,"Flannel Amethyst",2021-11-23,TRUE,FALSE,FALSE,"Mostly Positive",70,20,0.49,1.99,75,TRUE
1473220,"Hundred Chances - The Fortress",2021-01-08,TRUE,FALSE,FALSE,"Positive",94,18,0.99,0.99,0,TRUE
1387970,"Hello Teacher",2021-06-16,TRUE,FALSE,FALSE,"Mixed",65,32,0.99,0.99,0,TRUE
2283592,"Lost Ark Thirain Starter Pack",2023-02-08,TRUE,FALSE,FALSE,"Positive",80,10,59.99,59.99,0,TRUE
1385100,"Insurmountable",2021-04-29,TRUE,FALSE,FALSE,"Very Positive",82,502,24.99,24.99,0,TRUE
222580,"Train Simulator: DB BR423 EMU Add-On",2013-05-09,TRUE,FALSE,FALSE,"Mixed",56,30,19.99,19.99,0,TRUE
2116280,"Lady of Dreams",2023-02-15,TRUE,FALSE,FALSE,"Positive",100,10,6.99,6.99,0,TRUE
247350,"Artemis Spaceship Bridge Simulator",2013-09-16,TRUE,FALSE,FALSE,"Very Positive",88,292,6.99,6.99,0,TRUE
1567490,"Alien Death Mob",2021-05-20,TRUE,FALSE,FALSE,"Positive",88,27,1.99,1.99,0,TRUE
571020,"Santa's Big Adventures",2016-12-19,TRUE,TRUE,TRUE,"Mixed",65,69,0.99,0.99,0,TRUE
386990,"Asphyxia",2015-08-04,TRUE,TRUE,TRUE,"Very Positive",85,105,5.99,5.99,0,TRUE
1686620,"Fear Protocol: Shadow Paradigm",2021-08-06,TRUE,FALSE,FALSE,"Positive",87,40,0,0,0,TRUE
358810,"Luckslinger",2015-07-16,TRUE,TRUE,TRUE,"Mostly Positive",75,70,9.99,9.99,0,TRUE
543580,"Pipejob",2016-10-15,TRUE,FALSE,FALSE,"Mostly Positive",77,40,9.99,9.99,0,TRUE
432710,"American Truck Simulator - Steampunk Paint Jobs Pack",2023-04-18,TRUE,TRUE,TRUE,"Positive",100,17,1.99,1.99,0,TRUE
1392040,"グランドインテンション・アジャストメント",2020-08-31,TRUE,FALSE,FALSE,"Positive",80,15,0,0,0,TRUE
2393660,"CHARGED: RC Racing - Starter Edition",2023-05-01,TRUE,FALSE,FALSE,"Mixed",55,27,0,0,0,TRUE
874460,"Achtung! Cthulhu Tactics",2018-10-04,TRUE,FALSE,FALSE,"Mostly Positive",70,131,24.99,24.99,0,TRUE
418640,"Iron Commando - Koutetsu no Senshi",2016-07-13,TRUE,FALSE,FALSE,"Mixed",57,19,7.99,7.99,0,TRUE
1400290,"[Chilla's Art] Hanako | 花子さん",2020-12-11,TRUE,FALSE,FALSE,"Mostly Positive",76,148,7.99,7.99,0,TRUE
1432970,"ASSAULT SHELL",2021-03-19,TRUE,FALSE,FALSE,"Positive",100,13,9.99,9.99,0,TRUE
436410,"Beyond The Destiny",2016-04-11,TRUE,FALSE,FALSE,"Mostly Negative",25,16,0,0,0,TRUE
1045620,"Atelier Lulua ~The Scion of Arland~",2019-05-20,TRUE,FALSE,FALSE,"Very Positive",90,400,59.99,59.99,0,TRUE
1403800,"Movavi Picverse - Photo Editing Software",2020-11-25,TRUE,FALSE,FALSE,"Mixed",66,27,69.99,69.99,0,TRUE
1295320,"Can of Wormholes",2023-03-24,TRUE,TRUE,FALSE,"Very Positive",99,151,19.99,19.99,0,TRUE
1346250,"Slide Stories: Neko's Journey",2020-09-28,TRUE,TRUE,FALSE,"Very Positive",100,50,1.99,1.99,0,TRUE
373970,"Letter Quest: Grimm's Journey Remastered",2015-08-05,TRUE,TRUE,TRUE,"Very Positive",95,268,7.99,7.99,0,TRUE
1632310,"A Princess of Fallen Kingdom",2021-09-03,TRUE,FALSE,FALSE,"Mostly Positive",70,20,1.99,1.99,0,TRUE
1898290,"LEGO® Bricktales",2022-10-12,TRUE,TRUE,TRUE,"Very Positive",91,403,29.99,29.99,0,TRUE
511820,"Le Havre: The Inland Port",2016-08-29,TRUE,TRUE,TRUE,"Mixed",53,26,6.99,6.99,0,TRUE
745850,"KARAKARA2",2017-11-10,TRUE,FALSE,FALSE,"Very Positive",95,491,9.99,9.99,0,TRUE
1200140,"4X4 OFF-ROAD CHALLENGE",2020-01-24,TRUE,FALSE,FALSE,"Mixed",50,10,0.99,0.99,0,TRUE
1697600,"Funny Truck",2021-07-30,TRUE,FALSE,FALSE,"Positive",93,29,1.99,1.99,0,TRUE
1009960,"Project Hedra",2023-02-07,TRUE,FALSE,TRUE,"Positive",80,15,9.99,9.99,0,TRUE
1083910,"Donation - 'Thank You'",2019-05-09,TRUE,TRUE,FALSE,"Positive",100,10,4.99,4.99,0,TRUE
953900,"Pantsu Hunter: Back to the 90s",2019-01-17,TRUE,TRUE,TRUE,"Very Positive",82,161,8.99,8.99,0,TRUE
963400,"SCP: Blackout",2019-08-09,TRUE,FALSE,FALSE,"Mostly Positive",71,209,19.99,19.99,0,TRUE
455350,"Homefront®: The Revolution - The Guerrilla Care Package",2016-07-15,TRUE,FALSE,FALSE,"Mixed",60,10,1.99,4.99,60,TRUE
873230,"The King's Request: Physiology and Anatomy Revision Game",2018-06-24,TRUE,TRUE,TRUE,"Very Positive",93,159,0,0,0,TRUE
266490,"Lili: Child of Geos - Complete Edition",2014-05-09,TRUE,FALSE,FALSE,"Very Positive",86,773,14.99,14.99,0,TRUE
359870,"FINAL FANTASY X/X-2 HD Remaster",2016-05-12,TRUE,FALSE,FALSE,"Very Positive",90,13384,29.99,29.99,0,TRUE
1544360,"LEGO® Builder's Journey",2021-06-22,TRUE,FALSE,FALSE,"Very Positive",83,2843,6.79,19.99,66,TRUE
1055000,"EndlessHell",2019-04-17,TRUE,FALSE,FALSE,"Mixed",53,13,1.88,1.88,0,TRUE
676580,"NEO Impossible Bosses",2018-02-13,TRUE,FALSE,FALSE,"Positive",100,10,13.99,13.99,0,TRUE
2255120,"Museum of Monoliths",2023-02-21,TRUE,FALSE,FALSE,"Positive",100,13,2.69,2.99,10,TRUE
575720,"Mighty Party",2017-03-30,TRUE,FALSE,FALSE,"Mixed",59,2265,0,0,0,TRUE
21090,"F.E.A.R.",2012-07-12,TRUE,FALSE,FALSE,"Very Positive",94,8663,54.99,54.99,0,TRUE
1080450,"Wayward Strand",2022-09-15,TRUE,FALSE,FALSE,"Positive",92,41,19.99,19.99,0,TRUE
336840,"Color Guardians",2015-05-12,TRUE,TRUE,FALSE,"Positive",88,18,14.99,14.99,0,TRUE
878940,"Collective: the Community Created Card Game",2020-03-27,TRUE,TRUE,FALSE,"Very Positive",81,200,0,0,0,TRUE
1216600,"QUICAL",2021-02-22,TRUE,FALSE,FALSE,"Mixed",69,13,4.99,4.99,0,TRUE
1736090,"Demolish & Build VR",2021-10-18,TRUE,FALSE,FALSE,"Mostly Negative",37,24,19.99,19.99,0,TRUE
364690,"SUPER DISTRO",2015-07-22,TRUE,FALSE,FALSE,"Mostly Negative",33,254,0.99,0.99,0,TRUE
2302990,"Vacuum Warrior - Idle Game",2023-06-29,TRUE,FALSE,FALSE,"Positive",80,26,0,0,0,TRUE
623530,"RIFT - Ascended Essentials Pack",2017-04-18,TRUE,FALSE,FALSE,"Mixed",47,21,39.99,39.99,0,TRUE
264610,"PAYDAY 2: Armored Transport",2013-11-14,TRUE,FALSE,FALSE,"Mostly Positive",72,590,1.99,1.99,0,TRUE
1419670,"REALITY",2020-10-30,TRUE,FALSE,FALSE,"Positive",92,13,1.99,1.99,0,TRUE
1986040,"Kingdom Draw",2022-08-02,TRUE,TRUE,TRUE,"Mostly Positive",70,51,0,0,0,TRUE
976060,"In The Ember 余烬之中",2019-01-18,TRUE,FALSE,FALSE,"Positive",95,20,0.99,0.99,0,TRUE
1843110,"Makis Adventure",2023-01-18,TRUE,FALSE,FALSE,"Positive",90,20,9.99,9.99,0,TRUE
756490,"Next Hero",2018-03-16,TRUE,FALSE,FALSE,"Mostly Positive",70,31,9.99,9.99,0,TRUE
376391,"The Witcher 3: Wild Hunt - 'Ballad Heroes' Neutral Gwent Card Set",2015-06-10,TRUE,FALSE,FALSE,"Very Positive",94,266,0,0,0,TRUE
2177070,"Element TD 2 - Mazing Expansion",2022-12-02,TRUE,FALSE,FALSE,"Positive",100,22,6.99,6.99,0,TRUE
617090,"Portal Knights - Portal Pioneer Pack",2017-07-20,TRUE,FALSE,FALSE,"Mixed",50,16,2.99,2.99,0,TRUE
710470,"Little Witch Academia: Chamber of Time",2018-05-15,TRUE,FALSE,FALSE,"Mostly Positive",77,980,39.99,39.99,0,TRUE
2008050,"Right and Down",2022-10-18,TRUE,FALSE,FALSE,"Very Positive",83,137,9.99,9.99,0,TRUE
1390680,"Music Maker Free Steam Edition",2020-10-09,TRUE,FALSE,FALSE,"Mixed",43,195,0,0,0,TRUE
1865780,"Downfall - A Slay the Spire Fan Expansion",2022-03-25,TRUE,FALSE,TRUE,"Overwhelmingly Positive",97,2373,0,0,0,TRUE
1295730,"Leveling up girls in another world",2023-04-28,TRUE,FALSE,FALSE,"Mostly Negative",25,16,13.39,19.99,33,TRUE
1362340,"Freelancer Life Simulator",2021-03-05,TRUE,FALSE,FALSE,"Mostly Negative",28,28,4.99,4.99,0,TRUE
559670,"Slayaway Camp - Santa's Slay Expansion",2016-12-07,TRUE,TRUE,TRUE,"Positive",90,10,1.99,1.99,0,TRUE
800670,"NetStars - VR Goalie Trainer",2018-03-29,TRUE,FALSE,FALSE,"Mostly Positive",73,19,4.99,4.99,0,TRUE
1599690,"WORDLAND",2021-05-05,TRUE,FALSE,FALSE,"Positive",96,31,1.99,1.99,0,TRUE
1671600,"Captain Bones: Prologue",2021-07-23,TRUE,FALSE,FALSE,"Very Positive",87,496,0,0,0,TRUE
1419740,"The Witch in the Forest",2020-10-01,TRUE,FALSE,FALSE,"Very Positive",85,75,0,0,0,TRUE
1979160,"GoRogue",2022-05-16,TRUE,TRUE,TRUE,"Mixed",55,29,0,0,0,TRUE
1375480,"Bunny's Flowers",2021-03-15,TRUE,FALSE,FALSE,"Very Positive",100,52,7.99,7.99,0,TRUE
382467,"Tales of Zestiria - Evangelion Costume Set",2015-11-10,TRUE,FALSE,FALSE,"Positive",87,24,9.99,9.99,0,TRUE
649670,"ZHUST - THE ILLUSION SOUL",2017-06-09,TRUE,FALSE,FALSE,"Mixed",53,32,4.99,4.99,0,TRUE
2189860,"Outer Terror",2023-04-20,TRUE,FALSE,FALSE,"Mixed",63,11,6.99,9.99,30,TRUE
1011390,"Field of Glory: Empires",2019-07-11,TRUE,FALSE,FALSE,"Very Positive",82,639,23.99,39.99,40,TRUE
914290,"Welcome to Princeland",2018-11-09,TRUE,FALSE,FALSE,"Mostly Positive",77,295,4.99,4.99,0,TRUE
1583170,"Herder",2021-07-26,TRUE,FALSE,FALSE,"Positive",100,10,4.99,4.99,0,TRUE
495950,"Sniper Ghost Warrior 3 - The Escape of Lydia",2017-04-17,TRUE,FALSE,FALSE,"Mostly Negative",20,97,2.99,2.99,0,TRUE
890400,"Uncharted Waters Online",2018-12-19,TRUE,FALSE,FALSE,"Mostly Positive",72,327,0,0,0,TRUE
343070,"World of Subways 4 – New York Line 7",2015-03-23,TRUE,FALSE,FALSE,"Mixed",67,273,14.99,14.99,0,TRUE
799840,"Life and Debt: A Real Life Simulator",2018-02-28,TRUE,TRUE,TRUE,"Mixed",40,22,1.49,4.99,70,TRUE
966320,"Later Alligator",2019-09-18,TRUE,TRUE,TRUE,"Overwhelmingly Positive",96,1655,17.99,17.99,0,TRUE
1589890,"便利商店‪6",2021-06-14,TRUE,TRUE,FALSE,"Negative",0,10,12.99,12.99,0,TRUE
822760,"Fureraba ~Friend to Lover~",2018-05-04,TRUE,FALSE,FALSE,"Very Positive",98,265,29.99,29.99,0,TRUE
65224,"Train Simulator: Bristol-Exeter Route Add-On",2011-06-10,TRUE,FALSE,FALSE,"Mixed",59,27,29.99,29.99,0,TRUE
2222190,"Way of the Wizard",2023-01-19,TRUE,FALSE,FALSE,"Positive",100,10,10.99,10.99,0,TRUE
447860,"Maria the Witch",2016-03-01,TRUE,FALSE,FALSE,"Mixed",61,36,4.99,4.99,0,TRUE
1552588,"Monster Hunter Stories 2: Wings of Ruin - Launch Starter Pack",2021-07-08,TRUE,FALSE,FALSE,"Positive",92,26,0,0,0,TRUE
1433340,"Happy's Humble Burger Farm",2021-12-03,TRUE,FALSE,FALSE,"Very Positive",93,875,19.99,19.99,0,TRUE
1371690,"GRAVEN",2021-05-26,TRUE,FALSE,FALSE,"Mostly Positive",70,547,24.99,24.99,0,TRUE
307960,"IL-2 Sturmovik: Battle of Stalingrad",2014-10-22,TRUE,FALSE,FALSE,"Very Positive",81,5127,50,0,0,TRUE
852160,"Jack the Barbarian",2018-05-21,TRUE,FALSE,FALSE,"Mixed",56,23,1.49,2.99,50,TRUE
326410,"Windward",2015-05-12,TRUE,TRUE,TRUE,"Very Positive",80,2534,9.99,9.99,0,TRUE
985430,"Terrible Laboratory",2019-03-28,TRUE,FALSE,FALSE,"Mostly Positive",79,318,5.49,10.99,50,TRUE
1836880,"Yumeiri",2022-03-01,TRUE,FALSE,FALSE,"Positive",91,24,8,8,0,TRUE
1613111,"SnowRunner - Burning Bright Vinyl Wrap Pack",2021-05-17,TRUE,FALSE,FALSE,"Mixed",69,13,2.99,2.99,0,TRUE
1805200,"Shirone: the Dragon Girl",2022-03-09,TRUE,FALSE,FALSE,"Very Positive",100,76,14.99,14.99,0,TRUE
549160,"Army Men",2017-12-20,TRUE,FALSE,FALSE,"Mostly Positive",76,88,1.49,5.99,75,TRUE
223594,"The Sims 3: Seasons",2012-11-20,TRUE,FALSE,FALSE,"Very Positive",88,198,19.99,19.99,0,TRUE
251690,"Speedball 2 HD",2013-12-05,TRUE,FALSE,FALSE,"Mostly Positive",71,286,9.99,9.99,0,TRUE
838180,"MechCorp",2018-08-02,TRUE,FALSE,FALSE,"Mostly Positive",79,62,8.99,8.99,0,TRUE
